MDVP:Fo(Hz),MDVP:Fhi(Hz),MDVP:Flo(Hz),MDVP:Jitter(%),MDVP:Jitter(Abs),MDVP:RAP,MDVP:PPQ,Jitter:DDP,MDVP:Shimmer,MDVP:Shimmer(dB),Shimmer:APQ3,Shimmer:APQ5,MDVP:APQ,Shimmer:DDA,NHR,HNR,RPDE,DFA,spread1,spread2,D2,PPE
0.01530480400999295,0.02588492692310865,0.007008858551052981,0.002181917367779533,-0.002990840096317697,0.02291825234062344,0.0023462697427567036,0.014854625033203775,0.014422277374687837,0.010493760575227497,0.0048304579405885305,0.01970286928362839,0.021917935498750013,0.004820914370939135,0.008925835336835917,-0.002752943087762105,-0.019345858207343553,0.007164861467681476,0.0409408344068288,0.01458364538690148,0.006784713769902737,0.04372427058171525
0.01474218842386108,0.023014226197828974,-0.0006049580323451664,0.002263475607469445,-0.003370042182505131,0.024372149493592586,0.0040742445901378235,0.014527994078853225,0.015228443430751214,0.011613826420616534,0.0069459457569973895,0.020026614273501765,0.020255691434213078,0.004488302566569473,0.009923076373709136,-0.0028363042464479805,-0.0007551316261378816,0.006910759847705776,0.041193148990896586,0.016932772916497925,0.010040963040501083,0.04760298819577656
0.009448845382157742,0.018907076268706077,-0.00027801657299278307,0.00250296724952932,-0.0034692488008295184,0.02498662101877926,0.004434647181387846,0.01572764464395732,0.01623462381438003,0.011680659444355115,0.008642184339369124,0.02110644363461688,0.021546368009076104,0.0051107417872844965,0.009251157141554812,-0.0027410694987338503,-0.01090275665421359,0.007637200599328935,0.041670772258257785,0.016583860680420913,0.0067927159073406075,0.0470753913869521
0.009988278831897332,0.020684819239659192,-0.00027801657299278307,0.002123893798489007,-0.0034692488008295184,0.025957127419405878,0.004354647182244662,0.015670865715983383,0.016576411949499742,0.011628403012691706,0.008575905270663497,0.02095202963186239,0.021472717144715717,0.0051107417872844965,0.009299361916057479,-0.0026687633008987176,-0.006562695299762709,0.007548580543862045,0.040672628634674766,0.016943097621860942,0.007386581005248445,0.04775295302466475
0.009580304665778385,0.020860473465772883,-0.0010321830242173745,0.002123893798489007,-0.0034692488008295184,0.02481437439289948,0.004321784504045354,0.01572776204069669,0.01598692553656292,0.011805958700533666,0.009617715195599886,0.020158655852992525,0.021797786001043276,0.004934725956627517,0.008939085049773894,-0.0028479760783375243,-0.019978190320798603,0.0075461815881681105,0.04033480810630863,0.013911341273924335,0.006815389143885114,0.046370566178138686
0.01449353723650347,0.018617084465340668,-0.000985181818177807,0.0025073173548298654,-0.0034829548801644707,0.02532461444630826,0.004418957244106423,0.015836588910351567,0.01656772518370417,0.011361004994068936,0.007840839893287922,0.02367087269971307,0.0219091373041374,0.0033487358704951476,0.010437862606197541,-0.0013588453752163333,-0.02062820039323924,0.007626154648660304,0.04205742153561005,0.01528685798157312,-0.003043531671155506,0.04567535565363869
-0.00648466928570997,-0.009116746487507044,-0.009595692530710949,-0.01153566028777277,-0.011005496560683241,-0.07791607292278059,-0.013207771130419132,-0.051907424047385575,-0.0239654539712501,-0.021051683882687938,-0.01985909223840281,-0.02649337185168406,-0.02488622741551808,-0.01219932500298455,-0.0029868918630381815,0.000756403980194591,-0.005069014207838336,-0.0010187675638007932,0.023516691038166754,0.021278089972292948,-0.04760350537526392,0.03013414901615761
-0.0230721859213736,-0.010383903813453799,-0.018893648697558094,0.0028979848480958025,-0.014267955504183192,-0.08365115669952501,-0.006786955080278858,-0.05238719561326434,-0.02877614556455228,-0.023981612454917922,-0.029141255072572675,-0.03594120065106836,-0.026327073543325242,-0.021722282012924553,-0.042275926861184414,-0.0015180135851551313,-0.002940657154249493,-0.0005097618216677802,-0.00385471927911567,-0.01512134457101638,-0.029532832663535374,-0.004379424419239513
0.003080167422995146,0.018006666106066403,-0.00307685417275934,-0.0008786088948181714,-0.004606020991923287,0.030936256808236067,0.002782425711557153,0.02036297769183875,-0.0192766020133422,-0.0063198898856353485,-0.004648476937072701,-0.03258414646144956,-0.022352131157495025,-0.007000450223058579,0.010788257357744442,-0.004671478237141855,-0.002686998005810892,0.009036948496723199,0.04576579915286857,0.02459759837587626,0.012212244780330365,0.04337111208529677
0.009959565424651373,0.01229357300167976,0.001355154830380343,0.001095930914125347,-0.004055746057638317,0.02810100313672592,0.00477070628434376,0.016613631116597388,0.020331398574853665,0.010312122771829309,0.006107779784288141,0.019684472786684636,0.026551772607926977,0.004151161291192693,0.010172193041034916,-0.000548851379644475,0.006330464933744224,0.008039317276698058,0.044897149839853226,0.01803462012879663,0.007571252042343986,0.04421640506967378
0.0031459002811971004,0.015195791910409753,0.012186518510861787,0.001560267743661825,-0.003287815251387656,0.03113992135888111,0.0010565755623429141,0.019851445411477472,-0.016425005834389595,-0.0047100136098015355,-0.0029337253751873502,-0.0017152448129490949,0.0012973200957640074,-0.007097999906691257,0.009740442990405426,-0.002915392450377112,-0.001970124923354888,0.00821513010065246,0.04479447645731852,0.02442564281169325,0.012705205093279801,0.04323468529633828
0.009923025254611275,0.011986357479736398,0.003221942808741005,0.00013799121010379167,-0.0038381535858934513,0.027020912100015268,0.004717521795655557,0.015298539599207288,0.014784720499519607,0.008605897459710831,0.002329286438689451,0.01975044050705037,0.025979886031309435,0.005900220178045856,0.009703621603875945,-0.00046672127762576566,0.0048069233351998265,0.007651617793626429,0.04469370885874014,0.018268338838620366,0.01110810240263163,0.04367273876392574
0.007829518308717524,0.04385616696636134,0.01830867343567661,0.010160066439857474,0.024030924220278395,-0.0551416657230584,0.00021644552492944058,-0.02588503829720139,-0.01602850328450586,-0.013539316145324847,-0.00031926398682116994,-0.024717068337049567,-0.019794492179353255,0.001386000856582541,-4.0970393165480345e-05,-0.008206927149440163,-0.0005171655165759148,-0.03579274667201389,-0.023671017566375668,-0.043018608153579406,-0.03500672917230986,0.011121330378227868
0.029896714693240938,0.027469975635322042,0.00578123010287527,-0.005885148145898711,-0.007370381170767359,-0.06476315816107672,-0.0006692639493121533,-0.03428863187611569,-0.021862997718562836,-0.012112378498713952,0.0030475101099727907,-0.01671882303271559,-0.0043674470568657855,-0.005190794884656498,0.011091952809292706,0.0032511145147145724,-0.0076014173939620375,-0.030532354684110034,0.021621525587106588,0.03729075264607672,0.02578264112235047,0.029213006281497655
0.037680074422823964,0.040292053230659805,0.002189357547176769,0.007344965610827785,0.02693668694468215,-0.06015739785827463,0.0030245728068985043,-0.02906416232464835,-0.03223634139969363,-0.017788653656607492,-0.005818883237079717,-0.031909477570152375,-0.015804080130765216,-0.012324756579328095,0.003675286118450458,0.0006840449303854257,0.0012719709816155955,-0.03462702300203091,0.008420126162527596,-0.0018653004718362353,-0.023051390364998953,0.0074008416164724625
0.03283363618345902,-0.01940895865322091,0.01157214961349382,-0.00417777506634593,-0.003413053918629885,-0.04612597432482289,-0.001957207592204213,-0.02382651325482584,-0.024696280605567153,-0.010434225908502412,0.00236877141513105,-0.019664225827291375,-0.01183265078230761,-0.0030710526564871545,0.008347237032212433,-0.0002115036884788424,0.0046473352763860025,-0.030008076630037975,0.050721167786396106,0.026276411949584143,-0.004202217144047608,0.048582093884979256
0.021634458323023863,-0.0610555533333536,0.005526409776502987,0.0030756687778921332,-0.0006805644220730755,0.021639514465059618,0.004768522639351431,0.014226649459233158,-0.020198182376334445,-0.007884006324966322,-0.008125186012184713,-0.022722872552403715,0.021501362879935187,-0.010086580115967081,0.006484241210400797,0.0009821270269458181,0.001681130577926524,-0.035907488615703184,0.055125581778702325,0.03921508975290635,0.009044347907329211,0.05153164419050881
0.0158261672728986,-0.04750209811187233,0.00266977875980956,0.001599082311586244,-0.0014120729491696694,0.018048352255136707,-0.0003413530217221705,0.008850239004023024,0.029772859487566167,0.011338187133951579,0.0010193950351822423,0.020546799598669167,0.023003432957921177,0.0011315614155319054,0.0020322083053542885,-0.001665467886341503,0.005320151450141566,-0.02989297578424157,0.04907505388982827,0.03239866608328157,0.008500892961455975,0.05450705937040766
0.020140429655975824,0.019948054027045147,0.00964050930362646,-0.001918147154065082,-0.0006465486401793896,0.017815574263513555,0.0016325027406128357,0.009421001967748453,0.012340018661197973,0.012650455277598666,0.0035647574103131775,0.023912883811754,0.01876272673762287,0.005716810570647795,0.009174581492843573,-0.003334036908017879,0.005284207015783977,0.008996859222097555,0.041851136523127934,0.021857919830868013,0.0013970229673395806,0.05158875080775033
0.021473430287396695,0.02087853243578138,0.008750243195117946,-0.0019694610216538424,0.00014516769460897193,0.019759452715225053,0.0014999535716924584,0.010204624377620349,0.013329494362988043,0.01233347760322431,0.0037249298071765223,0.025131600088971025,0.018576776910913397,0.00472053295794467,0.008769707795763679,-0.0031617017714597752,0.004764156821975121,0.0028570648964159773,0.043223495607398944,0.022526530990885477,0.0016115056713715604,0.05187746270337811
0.02026809724987288,0.0204880886990577,0.009587147311731315,-0.0019904898165987108,-0.0006465486401793896,0.0179608018687577,0.0016325027406128357,0.010650637007092883,0.01317175114483689,0.012959490837520207,0.004495719698134053,0.02387716994900984,0.01843091232396546,0.0056771277216284945,0.005457371858428814,-0.003334036908017879,0.0053863105182881555,0.008595608522737165,0.04124918153911494,0.020941663632797827,0.007297618835345929,0.05219399011311907
0.02090254103991356,0.020759685543598607,0.009203823342886608,-0.0005258232654159656,-0.0020212441196417784,0.016955532745450908,-0.0014549741704104236,0.01151865301773796,0.011019209873775254,0.012529229314231997,0.005001111687270168,0.02096209385756083,0.015034837753482862,0.004972268248584441,0.010187508915187209,-0.0009670718342749751,0.005177962507359552,0.009653712735598674,0.042271615100944473,0.022762542115992802,0.012759413617914106,0.05232058296063769
0.018138075020042378,0.021455200681084533,0.00918479116035087,-0.0009356722957090824,-0.0031185290735083982,0.014802781175058044,0.0030575945438613417,0.010303022232292278,0.008962641786929453,0.011606012384063433,0.004798240629133943,0.020389061816567845,0.017444929746998242,0.004802089884087764,0.008726431163922825,0.00029988347578182586,0.004729618734918404,-0.009703615815196827,0.04571622645253228,0.028008245169617113,0.005452768473824108,0.0529667522091404
0.006172229409648935,0.020792052431570483,0.008752106219963024,-0.0002852217616600683,-0.0030076959491634626,0.015127354681717407,-0.0008924678474068059,0.010374031609135272,0.009596316454262706,0.01085586157160833,0.005568371382942132,0.020092722560257244,0.016670825316978152,0.005376526475210994,0.009129034659090395,-0.0008632273585317307,0.00603182557088985,-0.00045404678981867617,0.045086825510115884,0.016664324211051282,0.01243679059758506,0.053600512236262145
0.02809525029035285,0.026535693054102014,0.0019799062146921642,-0.002253603012941312,-0.0041955276099179175,0.02091410420194734,-0.002196212333146832,0.011733829655277077,-0.023790204473480115,-0.01818084865401033,-0.003400390862079803,-0.02385525337420404,-0.01070577101840172,-0.0165093592251651,0.010120243941200898,0.003077000050980132,-0.01415293835947523,0.005346921820164425,0.03989858811430167,0.025778046876439475,0.01526922188764729,0.03907243303321593
0.008732248705637175,0.016118488142819843,0.0050397226724089705,0.0009744168000179343,-0.0025552907307064745,0.020072877416969278,0.000978976366968709,0.00984100379049778,0.023562748451040533,0.008095349986979273,0.011195608909183648,0.01912230514048133,0.01876789267116692,0.009389232663888834,0.0032170179883542005,0.0033435274862858933,0.007533733063537511,0.0068843694502720605,0.041991742841055384,0.02013622895734443,0.0025966744038305478,0.05329906366569048
0.02164077679917682,-0.013346917386879795,0.00015958563053573017,-0.008116781652788632,-0.0037291820897735308,0.023709899447567295,-0.00037918793270364404,0.00910712785414944,-0.02745733926691173,-0.011513373626512476,-0.015262028055585687,-0.029686619897256607,-0.007913421191333328,-0.025217873824003617,0.009081344713049475,0.0031778056561597625,-0.009975968470535009,0.007693266354763182,-8.097558951703831e-05,0.033130549127090486,0.019469193495679063,-0.03233714243819122
0.030160350794903933,-0.027360122999598387,0.002299876789038535,-0.002881700930302031,-0.0047669678283637044,0.023424893766932655,0.0009858299745246768,0.010820943165163044,-0.030296993629963253,-0.004874823872814887,-0.016609462406340755,-0.03084499311255058,-0.010833101858734153,-0.02750478640286019,0.00697346364686382,0.0039423208750667986,-0.005745799747091951,0.007683612589753466,0.00048126229899935423,-0.02956995083775837,0.017307530243269868,-0.014941997220303165
0.038709960493433754,-0.032451520330942,0.013134819257174968,0.017541709681681825,0.019848610042681684,-0.026175248938670848,0.0005728153680684045,-0.012051390116030234,-0.023976124094042463,-0.01134790016367333,-0.00536096081159485,-0.022621512185432947,-0.012665021091961534,-0.012316855228127678,0.006361746126494836,0.01070507653101231,0.0010764511443267111,-0.004822268031421118,-0.12657653951027897,0.03472168038671953,0.005128361112656421,-0.13260730211783084
0.03158331709681079,0.04344871031382354,-0.0003427235733397538,-0.000905187682074029,-0.003426669064538146,0.026557451699482044,0.0019821075563231714,0.007873099760327023,-0.027153520908468634,-0.017420327312429436,-0.014756812737614382,-0.030515407020429847,-0.01093259496759856,-0.020537746736226836,0.008795296904136194,0.0033802188382833264,-0.009129008267773315,0.009295893608068581,-0.05614120323822135,0.009226870603888528,-0.024158226790459595,-0.048652355497179084
0.01009738416516484,0.03892833279096521,-0.003411067636425287,0.00995099198378739,0.003822781042836141,-0.032351383258246644,-0.007236067623416602,-0.010644404148333706,0.017446947567805182,-0.001361308769264724,0.01068642847611045,0.008216865381982644,-0.001794837373745395,0.02226087646016822,-0.010449483650263573,0.033650042541326,-0.0015873803774593398,0.0023990512789896458,-0.0868372995187383,-0.01864996053984214,-0.032787336703950135,-0.07144916489269235
0.010871944027858262,0.03971976109343814,0.006215436206111917,0.010374245841740048,0.004920872602378949,-0.015355157618287193,-0.0016163885980404302,-0.005306269494030858,0.03076448365529359,0.002312539939812268,0.026213174577751488,0.02360301601143874,-0.00684892847244555,0.04692801511540892,0.020358928060340988,0.07288503783001034,0.0011595242851763032,0.003034523899841588,-0.04971027667945236,-0.020509564212879923,-0.010183888633127936,-0.05093103051709477
0.016149963456191473,0.034016071012301835,0.004287344796175603,0.015830595293336955,0.004923535136222199,-0.01899892329411159,-0.003409758055386192,-0.0011152376073005144,-0.001969202203617897,-0.005875475316133816,0.015099484166130423,-0.008452816746903409,-0.003859202579187695,0.01796782092007561,0.02315194353941479,0.09066416785417913,0.002600000081292819,0.008124011505205999,-0.0654857917233312,-0.033620833361983384,-0.02952900320180561,-0.0715986898264964
0.009226749251611181,0.04152273743253318,0.005707622370391618,0.015704642619784864,0.006007542968145572,-0.003929280704742268,-0.0043747183888262955,-0.001700198275357252,0.020831233151839115,0.002394206829558243,0.027814642413322873,-0.009863372258841992,-0.0002557501843148202,0.03504289978751331,0.017248610643327993,0.06471139089472216,-0.0020252378573059103,0.0051635353059828045,-0.04713678468280705,-0.015741191126344346,-0.020712535233851668,-0.056736744418358284
0.011293416098087618,0.039244165982527196,0.007237344587774714,0.013336388679235825,0.003954090556944721,-0.00021896356161960284,-0.0023179720957341486,-0.0015029363038775046,0.027109566661529243,0.003796825732642901,0.02620900760510267,0.01964384963761404,-0.0013464642985309182,0.03814385213627247,0.016490118481633544,0.06369127180636952,-0.00046317434756929285,0.005133733780457988,-0.04210833238248597,-0.028326230079292147,-0.016690273280491965,-0.04340928438177798
0.014126230056645,0.03971571359463269,0.007079206108028302,0.01958376979946479,0.008214206075354013,-0.016550316191242018,-0.0030246822617391446,-0.00119912676003878,-0.0033600390522042288,-0.00035928509081713857,0.015967024076198866,-0.008102856786208576,-0.005982618668494979,0.021960317061602837,0.0211780942248879,0.07774849006428668,0.0061031352300051364,0.00645511904702289,-0.06774313285452081,-0.027997896954530005,0.01253706325958774,-0.06744841118415934
0.00629786260149558,0.020021443619043566,0.008212860766652738,-0.0009889063101581996,0.010436785664205672,0.013826021904387744,0.006895259256125428,0.019162409458949696,-0.008493380635245558,-0.015572261415218235,1.1471298494143412e-05,0.004442446249595377,-0.020111136333289325,-0.008347538980015088,0.007037952881364618,0.00608691798246582,-0.020062171458721422,0.014216312233838835,0.021380379283218644,0.01676439421135001,0.014989071527816122,0.022832105657471402
0.010818740115500986,0.023687101974501273,0.0058381982994615104,-0.00029512113651435356,0.013746428395243128,0.015969974599574926,0.004456211747165071,0.012972873862599954,-0.00953974738047691,-0.011061428031680406,0.0010418735491111875,-0.024430010370415402,-0.01869358395386371,-0.0013974752232024912,-0.037936851155827754,0.0032183087518205867,-0.01467955117521342,0.008812643027376908,0.012042117195669562,-0.007242955831898144,0.03502261663117679,0.016687938387658505
0.013307827663520583,0.017581340522738173,-0.007511665284728224,0.0005914538749493658,0.022441487714531833,-0.03747580634932092,-0.009537361485126895,-0.03470790929728537,-0.0014395275239076,-0.006429265484912321,0.0025138449659425533,-0.018466677314609114,-0.02386262256743066,-0.0031950034984038213,-0.07067479282224667,0.004503224015788874,-0.013144569015785236,0.001252553986669227,-0.014355753511554213,0.012498715292967972,-0.003163144801001181,-0.011544828845890151
0.015200861769917537,0.015494799151201732,-0.0015602567708265268,0.0010133721173042432,0.021496368614025416,-0.0440696061757626,-0.012118303758907132,-0.0325496383754944,-0.006982851999418926,-0.008883392425050261,-0.007032470902922796,-0.022726717071345773,-0.021208011884300503,-0.008331147589633475,-0.062376331628329354,-0.005298053074948256,-0.0065431849028391295,-0.00591120758195757,0.005269713630332263,0.031747921092028265,-0.0004957574410946108,0.005006463952704507
0.0017370340469642542,0.02618300696936785,-0.013128522315892042,-0.0014278355112764985,0.01909041635808535,-0.034277720715326726,-0.017164277255942578,-0.029533266760408877,-0.004788386299369449,-0.007683451838238398,0.004205132983988733,-0.020487043355569768,-0.02386319305169309,0.0004015424248063937,-0.06343847485346486,0.022937727701864787,0.006744194038965361,0.0053831491025266584,-0.07524229967566498,0.001957561123781488,-0.005406796737443074,-0.06816018707288095
-0.010886846866706037,0.027406346409698017,-0.008570036890996563,-0.002849590962578077,-0.009214523707778427,0.014828955461198348,-0.016327576192561536,-0.034550948282703754,-0.004326256242293312,-0.007943313085415866,0.00021099266967212316,-0.022463514900009612,-0.03139566401223419,0.007098649666731944,-0.04966559784246783,0.009153844884131103,0.0007252576262362708,0.002789548553264467,-0.11072622417290404,-0.042046078612984275,-0.00483347470042645,-0.08737563850367223
-0.04290595184109407,-0.0786473798393854,-0.012639404647925402,0.0025223810545867307,-0.009833333249262069,-0.024369046705542134,-0.0053309520000766495,-0.016030713748186827,-0.014739642357453705,-0.008646309353753167,-0.008116428468492814,-0.022148928079986946,-0.027977618674631232,-0.025003451713128014,-0.0013851191006688168,-0.0012042855971958488,0.006299047775391955,-0.025178571253200062,-0.14702499693987192,-0.07874999886174919,0.0027354762906907125,-0.16962475895299575
-0.04336404705856694,-0.08483880818006583,-0.011514999988430646,0.0040934524682234045,-0.0045226192541304045,-0.02383809448889224,-0.0033176188364450352,-0.006253452285891399,-0.01988642778203939,-0.005646666579523298,-0.011757142443966586,-0.01894666583451908,-0.031090356546919794,-0.017644166245590894,-0.0028657142633892363,-0.0004426188743673265,-0.0031549997374531813,-0.01485119043121813,-0.1303390446888807,-0.0663351178218727,0.0025430953345494346,-0.11402678354701493
-0.05327349164959742,-0.07051523733738577,-0.017934206275385806,0.0043448811877169645,-0.01615595202660188,-0.024756784947094275,-0.012283650452300208,-0.006389364981732797,-0.006188650445837993,-0.003807023528315767,0.002731468327983748,-0.004983651302463841,-0.021832698018406517,-0.005788650363210763,-0.022472420407211757,0.0030750791865284555,-0.008056507590517868,-0.014462103085643321,-0.14216420332988491,-0.07214737966656685,0.006927936535503249,-0.17186737826210446
-0.05289833292306866,-0.07136476119456348,-0.016394880850421033,0.003754524044052232,-0.012855952114332467,-0.02094214211392682,-0.012931983911694261,0.008765714240144006,-0.004348055147565901,-0.0013301190298443545,0.00045277791505213825,-0.0013644053557072765,-0.019498809145588894,-0.017962697712173393,-0.026667103244617466,0.0013763490921701305,-0.01030023773870198,-0.013333650666427275,-0.13106174272863427,-0.07023214179760544,0.009118849190417676,-0.16798118809238077
-0.04694499939621892,-0.0660661896437523,-0.017336666478950064,0.003569762003899086,-0.011905952159431764,-0.02753452282573562,-0.010206547637062613,-0.010482618712994735,-0.015233808798657265,-0.003637856803252362,-0.0068736901297233996,-0.01898190454026917,-0.025660713847610168,-0.01720726129875402,-0.030095356693200303,0.0009763094110530801,-0.006561666404013522,-0.013802261991804699,-0.16516225856845268,-0.06930404634593287,0.0036191666859667748,-0.18316690162493615
-0.05025297584586951,-0.06156924557642924,-0.012829801529733231,0.005476031891885213,-0.024112698199642183,-0.014569443757209229,-0.005898968067049282,-0.008296586907817982,-0.009335436053661397,-0.0008858330263683456,0.002758333760430105,-0.0020060712477425113,-0.021594642199925147,0.005664246231644938,-0.02567154727592424,0.013419682593885228,0.010933928301674313,-0.011836547675593466,-0.14435440190354712,-0.015730317362831557,-0.027171547184261725,-0.15013614799710923
0.03919833270192612,0.027591665816726164,0.018618333054764662,0.007458333045651671,-0.0015333331562578678,-0.01086666645569494,0.002158333251718432,-0.011291666295728647,-0.004748332834569737,-0.01723499946674565,-0.014599999617203138,-0.0031433330551953985,-0.0024250000386382455,-0.018614999362034722,-0.0002800001236028038,-0.0049183332527172755,0.009511666347098071,0.007321666524803732,-0.002609999508713372,0.05192333196639083,-0.024376666143361946,-0.009938333166064694
0.0324126183509361,0.029990713506704195,0.01909714248875389,0.0017266664962517098,-0.002793095317611005,-0.002908094882441219,0.002915237979905214,-0.0009083330925204791,-0.004111904493765905,-0.011280952001397964,-0.0008800000484916381,-0.0007302378487656824,-0.004650476255628746,-0.0012600000484962947,-0.011924761656846385,0.0008114284323528409,0.01173499974742299,0.003938809494429734,0.0022090478372410872,0.05387642706336919,-0.02429833303729538,-0.015766905004275033
0.0323799993051216,0.03662666568736313,0.017426666400569956,0.0027011903276434168,-0.0020949999464210125,-0.011424999563605525,0.0010445237174280919,-0.004034999479772523,0.0007895240114885382,0.004599999825295527,-0.000171666711976286,-0.0067299998013186264,0.003777857134118676,0.006483333163778297,-0.008826666472596117,0.0020728571346262468,0.011104999874078203,0.013666190210788045,-0.007316666709957644,0.047896665489824956,-0.020127142719866244,-0.06264333276776597
0.030847618344123477,0.031236665694741532,0.02021642827836331,0.002743333145044744,0.0012585714043234475,-0.005333809333678801,0.0004128571692854166,0.0003516667932854034,-0.001096904577279929,-0.0022016666227136737,0.0029849999950965866,-0.004294999843696132,0.005414523787039798,0.006376666522701271,-0.008346428390068468,0.0007547618815442548,0.0070783332452992904,0.012991428312088828,-0.051586903717834504,0.05976309380843304,0.013011666461825371,-0.03538190443068743
0.03372214209637605,0.044328332093718927,0.022757380529073997,0.0013961904219468124,-0.0027199999580625445,-0.0116054757242091,0.0054183331938111225,0.0018066670003463515,0.0017069048021221534,0.004938333225727547,-0.002120000007271301,-0.008594999614288099,0.007961666501360013,0.003574999853444751,-0.00887142843042966,0.0017269046895671636,0.0005649998859735206,0.023359285323822407,-0.09064095055917278,0.030606427922903093,-0.0195588093061815,-0.0425569036899833
0.02658285649464233,0.04033499878773,0.019970713746151888,0.0016986904303485063,0.0010059524251846597,-0.011478333152772392,-0.0014865475930855609,-0.005266666531097144,0.0022351188243192157,0.0037516665892326274,-0.0004616666509537026,-0.009204166551644449,0.009231428292405326,0.008646309246105375,-0.0067283332455554045,0.0026195237640058624,-0.003693333342962433,0.0123482141502609,-0.0774952363508055,0.04156487973232288,0.012374999674793798,0.010648928368173074
0.014201706110470695,0.017727896561555097,-0.005197142719989643,0.0022916665353113785,0.000310158763313666,0.0185044041776564,0.0013776587476604619,0.012888690186518942,0.004405515517573804,-0.00411222233553417,0.006196666264004307,0.017621666132472454,0.013438253256317693,0.010468689930130495,0.006499801297031808,-0.0005376985638577026,0.0019544047623639925,0.0125567854710971,0.049506784951372534,-0.006036190374579746,-0.01879595206992235,0.03462845151021611
0.008624920393776847,0.012693134729634039,-0.0021465475134027656,5.833326387801208e-05,-3.662694987724535e-05,0.022041189840529114,0.004941230003605596,0.01015988049461157,0.01773920561943669,0.004228253617475275,0.002923213986068731,0.01966833244456211,0.012059086547669722,0.008296666021778946,0.00751682511443505,-0.0003887699361075647,0.003982380919042044,0.007988452303106897,0.05165797508729156,0.02387738014193019,-0.014577856950927526,0.03859333233878715
0.00672730147241964,0.010666230046190321,-0.002378333195229061,0.0004479761145194061,-0.00042531741841230543,0.022952142198046203,-5.115081847179681e-05,0.012418213848868619,0.016284443789627404,0.005327777425409294,0.003167380656086607,0.01900738008582266,0.013699205561861163,0.0010109524252766278,0.004958729953214061,-0.00020924608426867053,0.0035377380793215705,0.00928273797238944,0.055098808493785324,0.02481737994850846,-0.017922142621246168,0.04148178463481599
0.001753333311935421,0.010557857099338435,0.0002695238098385744,0.0015778570357360877,-0.0006039283872814849,0.02786857066937955,0.002081904741062317,0.01430392822556314,-0.004434047456888948,0.005758571261249017,0.005821071233658586,0.013835951867513359,0.0032499996470869517,0.002579166613140842,0.0027244046263513156,-0.0008988096087705344,0.0016027379658771679,0.011905475991370621,0.05765749873855384,0.03135452267917572,-0.020899047292477917,0.04183345143392216
0.004736309326981427,0.011945476093096659,-0.0011666666128439828,0.0027115474827587604,-0.0005772617980255746,0.02347095168719534,0.00358904753200477,0.012179880581534235,0.0024548805496306158,-0.0017090478228055871,0.0013866664881061297,0.015705237516667695,0.01335392790759215,0.007205237836606102,-0.0016852380818454548,-4.119059070944786e-05,0.0028701189026469364,0.005526785546098836,0.056900475050933895,0.027651308379136028,-0.01808523784711724,0.04147678438894218
0.005124999786057742,-0.036053451746847716,-0.0027094047069840597,-0.0007123810383200179,-7.785714478814043e-05,0.014025952069787309,0.0005866666158544831,0.009829404524207348,0.018125594309531153,0.004497261566575617,0.0032629757445829456,0.017187618385942186,0.015554046691249823,0.010055951856338652,0.004362499670969555,0.0007357142129330896,0.008014047521573957,0.00915488090366125,0.06298702253669035,0.034900594122736946,-0.013096666576748248,0.04414452252967749
-0.05877797544701025,-0.06289595143331099,0.002358928624744294,0.008327738103689626,0.020855357061955147,-0.019815475305222208,-0.0052528571168659255,-0.007483809614204802,-0.005518333233485464,-0.003245000033057295,-0.007821904292795808,-0.012122737831959966,-0.013083214220241644,-0.010655714129679836,0.00912178557831794,0.00562500008236384,0.017546071211836534,-0.002939761872694362,-0.10915166525257519,-0.07798940238877548,0.034805594328645384,-0.10288666489650496
-0.06423261810501572,-0.06718333187731332,-0.00243416660654475,0.011811785689205863,0.019307976104901172,-0.029647260515775996,-0.004189285714819562,-0.012086904577590757,-0.010990475642320235,-0.00574892825941788,-0.010385475626098923,-0.006968570856843144,-0.014996190291712992,-0.011145595129346476,-0.005048810082662385,0.01802916645508958,-0.0035417854870320297,-0.0031210716188070364,-0.13699511706407067,-0.08289464085799408,0.004371190364618087,-0.11290987940839842
-0.0659411898610415,-0.051507975201966476,-0.06705749970424221,0.00700011923276179,0.007276309805456549,-0.03523654609161895,-0.015050356596475467,-0.019085594663920347,-0.011060475754493381,-0.007909047270368319,-0.0112042855162872,-0.022283808791835325,-0.01254452364781173,-0.007494166473625228,-0.007786548024414515,0.004856785767769906,0.0016840476669131021,0.003796309330209624,-0.1303230924338277,-0.07843975997471717,0.002734642844516202,-0.10542333179124398
-0.061793927712133156,-0.04293261817205348,-0.06592273771078908,2.5833604886429385e-05,0.004416309786320198,-0.029573094015358948,-0.012334523605823051,-0.010826785808458226,-0.004121785653405823,-0.005179880878422409,-0.010408571038860828,-0.019610356735938694,-0.010854047638131305,-0.0019347618578467519,-0.005477142824929615,0.004951309622701956,0.055750236935837166,0.00043595219642156735,-0.12068868823815138,-0.06329440294008236,0.033084404003238886,-0.09471071251216927
-0.06592809403227876,-0.07141884836732061,-0.06874357132372097,0.0006451194621331524,0.0006987701429170556,-0.03502337146666832,-0.006000515667838044,-0.013642618674166442,-0.014643690234806854,-0.0021529761620331556,-0.005150158537144307,-0.02212773733976064,-0.01836654736776836,0.006625595203367993,-0.005617460732682957,0.010497738285603192,0.05055091151611123,-0.0032334921112123992,-0.1058532919647405,-0.07095468118772259,-0.02614634898578515,-0.09501472018444473
-0.0607817847354454,-0.05302607027711929,-0.002588452364288969,0.01508583327231463,0.01975678566232091,-0.034533252293622356,-0.006586428385926411,-0.015862618794599256,-0.006314166568336077,-0.005479999827512075,-0.004445237409963738,-0.01808960273861885,-0.010121070958557538,-0.0035919047641800716,-0.005473135491847643,-0.0018370236862665478,0.05735880817817815,-0.003604920728139405,-0.1125978954078164,-0.07011654570800602,-0.019570634542760673,-0.09858067317854875
0.027944126751390286,0.01920321381854592,0.0026806353268329984,-0.0021898412994050885,-0.0023223809781484305,0.014467459997395054,-0.002236706254479941,0.011900118836638284,0.015438094781420659,0.009262777356816514,-0.0007519841194334731,0.012692578910209704,0.010921150511421729,-0.0021512303431518377,0.007045356925518717,-0.005886190579622053,0.001644880988606019,0.008073214110918343,0.04831206265851506,0.01754662661347538,0.0064352379593765364,0.04137079276100849
0.030697459907678422,0.024966308957373257,0.0060855560121126475,-0.002126230126741575,-0.0021516667059040626,0.013635793318971991,-0.0016800396001781337,0.009434880892949877,0.015814761377114336,0.008453412359813228,-0.0003896825430274475,0.01688059468579013,0.01745869003760163,0.0012918645871104672,0.0070024997869040815,-0.004783095317543484,0.0027982142883411143,0.009309642681328114,0.04783924525159819,0.0010480954765807837,0.007204047511622775,0.04060964205200435
0.03576142795645865,0.03006642783933785,0.004861786149267573,-0.0015867857384728268,-0.0036797618048149162,0.017932380278653,-0.004553571304131765,0.010974523670156486,0.02088618986454094,0.00790773782369797,0.005928214032173855,0.021524880149227103,0.023143689910066313,0.005578332689765375,-0.016010713933501394,-0.005052619095367845,0.0003683333922526799,0.01769904731947463,0.02300273808767088,-0.01905714227701537,-0.0021607143236906266,0.03586559446237516
0.04097785657591885,0.036714761050534436,0.00596404786396306,0.000783333302824758,-0.003887857006629929,0.019469285192608366,-0.00585523812827887,0.0075528571294853466,0.016181189970229753,0.0033799996043671855,0.001687856924836524,0.017893570773885585,0.02173738028475782,-0.0012135718879289926,0.0062059522472554815,-0.004942619031353388,0.003693571427138522,0.012239047369803302,0.004103571713203564,-0.03731166576239048,0.0005661903909640386,-0.006539523231913336
0.0375297612635768,0.030053094522154423,0.004623452731175348,0.00031773803348187355,-0.005137380872038193,0.017716427935520185,-0.0044680951413465664,0.010682857052888722,0.020897142215108033,0.006234404542337871,-0.0012701189889048692,0.01940940408007009,0.02038535649626283,0.0018676185442018322,0.006590475965931546,-0.006629285715462174,0.005142857083992567,0.018804047269513832,0.017054405061644504,-0.01836142806336284,0.008787618882197422,0.029169642459601165
0.022791508018271997,0.019615832816925832,0.0069082543277181685,-0.002382460379594704,9.964273427613079e-05,0.011344245770887938,-0.0017767062308848836,0.010201547379692784,0.015613927943486488,0.008434444104241266,0.0007453967636502057,0.018021626297559122,0.015717222034727456,0.002157697921502404,0.0052736902973265385,-0.006841904792527203,-0.00034178571266238575,0.006159761922026519,0.04400039632469998,0.016263293216470628,0.010397261839971179,0.04699710193744977
-0.0011258929206451286,0.0029026576718024443,-0.014140293560631107,-0.006026622842182405,-0.00767025778104653,-0.016538328914684826,-0.004804384559065511,-0.02145210148926708,-0.02431861952500185,-0.016043308431326297,-0.007156596630011336,-0.032796402412641326,-0.030104430489736843,-0.00642192366613017,-0.06696377185271558,-0.006644660957717861,0.007216566023471387,0.0008765578786915284,0.011679371351601731,0.019970909264102374,-0.010497231498957262,0.03119140587936272
-0.005029789503205393,0.013044693478150293,-0.01238204771607343,-0.003945778228589916,-0.003252736747817835,0.019779634064107085,-0.00014448440440901323,0.018337150767911224,-0.012810022640369425,0.0010665415395760647,0.0021379034200072057,-0.006849871306385467,0.001207901113666594,0.0026949748381230165,-0.05484040884794013,-0.007144208256031561,-0.008468245601707168,0.009537898505404882,0.047453139025801644,0.000925534621328552,-0.0029861777470068774,0.06012895648505946
-0.00488823651758139,0.008222233107153443,-0.009664769397622876,-0.004911973961934563,-0.0011602597102137223,0.020431252060297993,-0.0004463360321096843,0.020453561641115812,-0.01453126026684913,0.0014759596181374945,-0.00025706395957968196,-0.03299603734594712,-0.025400485868158285,-0.0027280192830221495,-0.05395311685511842,-0.00702004620066873,-0.0005728182538950932,0.007167085768778634,0.048271760871775767,0.0220204576731976,-0.028351868118479614,0.05957666816524579
-0.0005796999495760246,0.011123536622417305,-0.006899057002847257,-0.002540717854972172,-0.002530722032970516,0.018451181028431164,-0.0025251921128892716,0.017211103381087015,0.027853337575061234,0.011384853378667686,0.005978698262661055,0.02824450403553783,0.03150258896544756,0.009019656224554638,0.008485086339715054,-0.003946339650028676,0.00790987889855387,0.0112730697536972,0.010659432880438545,0.01646345089839997,-0.01541522211766278,0.03926979980991746
-0.007112357858241012,0.007164432843783288,-0.014595981488801044,-0.00546162248829205,-0.004286866627790004,0.02651598704062053,0.0010109693268532283,0.024795980402777786,-0.014553465164535737,-0.002000803775008535,-0.00038329024471750017,-0.03170036787778372,-0.022456198147665418,-0.0015915526323806261,-0.05262347627809504,-0.006969830574125808,-0.007221531770792353,0.006566097038339649,0.048632517672722315,0.02272922831193682,-0.029374039834801805,0.058674662221746984
0.009732440189927728,-0.00023117047698178794,-0.0004323014478723053,0.0007173213200439932,0.0013579166159615852,0.01936821383649658,0.009178452114138053,0.016497221858007834,0.012184979635640048,0.00769051539238717,0.0005079959014256019,0.016041963681655034,0.029180376004733263,0.005810694001120283,0.005797975988934922,0.0005611110294103127,0.004598491956912767,0.007893452267098837,0.041666407752927626,0.019391130429576152,-0.008243075311802385,0.04092988018601318
0.010276547271150776,0.0012273214448214275,0.002462142962322105,-0.00135827393612999,0.0021235117885225916,0.014858452138360007,0.004222916505314061,0.013375495843138196,0.010851031203637831,0.009310872597052367,-0.000546587433636887,0.015371170182988862,0.02494738004745159,0.0051022417310014135,0.0066699403636812345,-0.004117896858442691,0.0036322420119358867,0.0066903967455255045,0.044468054655517335,0.01772613060325966,0.006900357035119669,0.04600654686568305
0.014098888483958944,0.003605357093838393,0.004057757926639169,0.00026464277529157697,0.0035506546793476444,0.011708293517876882,0.003015416515263496,0.01327847209153333,0.013040039059342234,0.010077201860913192,-0.00044087316979130265,0.022789780948878614,0.03165156624017982,0.007052916234388249,0.005450099163535924,-0.005462281684413028,0.0036312499523774022,0.015874007643687946,0.04501801489060199,-0.02508583277114667,0.009146626985166223,0.04387799523145077
0.010025198071034538,0.001759900840188493,0.002029484240338206,0.0005453570511599537,0.0009763689758256077,0.01644638871504867,0.004478928418175201,0.015475852963063516,0.01033658674452454,0.00940357099425455,-0.0005844445698312484,0.01741918594163508,0.025728233198096858,0.006944047203069204,0.007125198264729988,-0.003805079425919757,0.002621607071851031,0.007858710198588597,0.04547849111826508,0.011719940265174955,0.004528055517403118,0.04368841207600781
0.008942737850156845,0.008517202310758875,-0.005870535465946887,-0.0016771428924403154,0.0033219047890452203,0.019059880625936786,0.0024597022950911198,0.015031011672326712,0.0024120236886665224,0.007279106926653185,-0.0008161309527349659,0.02285839220880007,-0.019492082564756857,0.004389107086026343,0.006923035540312412,-0.004783750057613361,0.0018037499425554416,0.017373809117343625,0.048110296678787565,-0.03566571347255376,0.010241487878156477,0.04478190373687539
0.016214166241552447,0.0005386311444453895,-0.006603571137820836,-0.006598809369752417,-0.002334999935264932,0.024858511046186322,7.976184497238137e-05,0.02009517797945591,-0.00892666629733867,-0.001538333335047355,-0.0027120237275084945,0.017814166256357566,-0.020208808806855813,-0.0018403570521331857,-0.005641071244026534,-0.0022073810221627356,-0.0031532736711233156,0.017812559145168053,0.008668214591016294,-0.046203808401478454,-0.013165178284689319,0.015253095167281572
0.004527796642141766,0.015587735081571736,0.008086412126504001,0.002043950603783742,-0.0016816367076535243,0.015649278195705846,0.00047443024348467586,0.010702047757022229,0.016133588720986154,0.009064271620227373,0.004114523405605724,0.027171600104074968,0.021712968498368356,0.0023281043943825354,-0.009002578465797342,-0.004459212871261116,0.004385002606031776,0.012288787052766566,0.04614149534741955,0.021192515894981626,0.006239224515984461,0.05808022894354508
0.007616450543573592,0.02468789852973714,0.009634368200004247,-0.0031807542703427318,0.007359430113428971,0.01676154540880816,0.002560926077167096,0.011088489618214226,0.01131407118129573,0.007350399413044215,0.00632774487388815,0.022319013903907035,0.019322540272924016,0.0024606751883584368,0.0072978665088157865,-0.004080299767047109,0.0038172403827411473,0.013621852261258028,0.037762901097030406,0.021855751422226604,0.006034839632438889,0.050391959324588245
0.020635245992962153,0.026921876742344465,0.01684954650205327,-0.0017356452259446086,0.022267001952714055,-0.02290987368709466,-0.0033867395225752263,-0.019575599601939758,0.01040322096854652,0.0035019453165296,0.0006377144037105609,0.018035486204971675,0.019326777133956058,-0.0018417714583483758,0.01157793497433886,-0.002614630998323264,0.0012842182868917007,0.015073275674367323,-0.01775577409285688,0.019020057441812243,0.014974103669246688,-0.01492629528434918
0.00373051906870387,-0.025670203931804282,0.005725975965178804,-0.0017200012274952315,-0.0013010389271948953,0.011867568346588087,0.00031322541948611613,0.009955367656020826,0.016932041042600758,0.007840359036126756,0.0053580714736745,0.025695035800063125,0.019560851237411043,0.001763376524177147,-0.009120478945760624,-0.004241335419410461,0.004270732853874506,0.012125612929576163,0.049264228067786464,0.02537064109728817,0.005288628263251667,0.05809276080653945
0.028657238030064036,0.033044511578082164,0.00721903701305564,-0.0028241589701065097,-0.0016941166411561426,0.01423345387876907,0.0014414927857251314,0.018940387433976868,0.015844490600356947,0.006806152962817578,0.0057071652339072895,0.020155251241667428,0.02039444426962291,9.161530913843308e-05,0.009854228093136044,-0.006245012835570378,-0.00449010341137182,0.010710318630735856,0.02382451856879925,-0.03135428687328386,0.010047626801315346,0.04659254011545272
0.029818575567333028,0.03719455622493115,0.010285794447481749,-0.0042672690912877445,-0.0047876505243766585,-0.002967181839121622,0.0008586082998408528,-0.001999252996320138,0.02101519628544338,0.007055780571099604,0.0031604580508428626,0.01661289741328801,0.01806101067792042,0.0012394417955511018,0.008688823478951235,-0.001740191811695695,-0.015050088128482457,0.00691223171306774,0.002957826682541054,-0.027080146842818068,-0.017722743396952866,-0.0055776237884128934
0.030743269229933503,0.03805894581717439,0.008284047123524943,-0.0033476064311253138,0.016045476640720154,0.006885162609614781,-0.007280702193966136,0.012376982400892302,0.020290660464816028,0.0058903823071159425,0.001971066347323358,0.012544587931479327,0.0137297766537813,0.0037660869699175236,0.0033327109058882342,-0.0017386696094763465,0.008184434695576783,0.010066700559546006,-0.010270441555476281,-0.009342708841468267,-0.008883281856033137,0.0025939964648569003
0.030179469483628055,0.03938760402175831,0.012216291073054891,-0.005138537334132707,0.012210873155418085,0.008988132392623811,-0.007055762277705071,0.014626929914811626,0.014218317085324087,0.004491672834556084,0.0031704412648105064,0.01427317873633001,0.014713151443720563,7.235994838993065e-05,0.004634495391146629,-0.0020219360502960627,-0.009905682503012941,0.007999581487092655,-0.008813659269944764,-0.006332947035007237,0.009458521320993896,0.012956002653736505
0.03553626440596418,0.037594325256977756,0.016962929644432734,-0.006250718672963558,0.021197416789073033,-0.011527305976997013,-0.011616711065435083,-0.021483743676944868,0.01898276255975361,0.0029069167433772238,-0.0020788943508523515,0.01999347614008002,0.014329324556310894,-0.000897920942370547,0.002649866221072443,-0.0004963397012033965,-0.017975753269638517,0.004393725107656792,-0.03689605080893671,0.002660342357448826,0.015293189729418373,-0.012830207181395962
0.02809362325584516,0.03129070332972333,0.014955437822354724,-0.000344898605326307,0.02163483099488076,-0.0437611558183562,-0.0039798265163699395,-0.02397670509344607,-0.016246225036520626,-0.016437447495845844,0.00704149015909934,-0.02054220992999035,-0.01786767445912119,-0.001532032394025009,0.00011156487977132201,0.0056905471907521136,-0.01909787038770446,0.007490503805311164,-0.11201039740233681,-0.03564731481492345,-0.020460198539949487,-0.13024963360323455
0.027242898809199688,0.03199205856595654,0.005673466053412995,4.181785569016938e-05,-0.02112522324314341,-0.05014030500780791,-0.007853692421631421,-0.03243989685244742,-0.018947185139768407,-0.01325096058571944,0.001953666009285371,-0.025318220082554035,-0.02449275641149143,-0.0011266092644655146,-0.024537436862301545,0.004635244810633594,-0.013841740710122395,-0.0022329759936837944,-0.11705878279637545,-0.03578180182441429,-0.014292118293233215,-0.1570432742149569
0.02619922607089393,0.031053251396515408,0.010775613318110118,0.00042570954785333017,0.02561282585549634,-0.04481047188586672,-0.004444121387059567,-0.028013654718815815,-0.014588258745498024,-0.010515690884931246,0.006033138724742457,-0.02120215026763617,-0.01965653741004644,0.0018651851045433433,0.004130869452783372,0.004292783582786797,-0.01860424018879712,0.005915741302305833,-0.12340825195307843,0.013714540397922975,-0.023277904070273508,-0.14655128440645057
0.026950237438431942,0.03210470805002842,0.0046390198818698995,0.0003507891675872088,-0.021065790329594165,-0.04923646019771695,-0.006779611029051011,-0.032412019235052866,-0.01749604641845508,-0.01159105904167518,0.0057776513177668675,-0.02230624076037202,-0.023344273535476533,-0.0008363313013978768,-0.02239719420453184,0.004375398223783122,-0.014376609245591681,-0.0056848007523512935,-0.12591515238804277,-0.012298091927077622,-0.011591558349318803,-0.14296235099332988
0.027639650415512734,0.03182669842382893,0.009467118937682244,0.0007681241493264679,0.023909484212344977,-0.04306828604123439,-0.001889868764410494,-0.030674923369369934,-0.009296299542475026,-0.008179088394535938,0.009269988081068731,-0.013507603548787302,-0.01289657891727984,0.004826840446767165,0.006919493236928247,0.003723357377020875,-0.01054239134369709,0.004445702999437345,-0.06304018671566154,0.02104525431757793,0.011987586080504115,-0.1672243787815387
0.026222144168568776,0.0320620422239881,0.007490189845411805,0.0003507891675872088,-0.021636840710998514,-0.05166264868283179,-0.007750622946477961,-0.030438768232270378,-0.017034873354496084,-0.010104357619711664,0.005840282549324911,-0.021653026057756507,-0.021641008602746297,0.0017741528069018387,-0.019271264266863,0.004276341615623096,-0.012683124510149356,-0.006288273565151031,-0.12296489510219544,-0.034725935277238024,0.004919096085359342,-0.1418846793123521
-0.0609686382361906,0.006586731998977484,0.01674642180732917,-0.002746426487865392,-0.0027450930717168374,0.021299619558558334,-0.001578273525210534,0.0100682355529716,0.020013617057338708,0.00714351888440433,0.0009632472830708138,0.02540321846754523,0.027908586366538656,0.004001481478044297,-0.0027286097605974647,-0.003384579583653249,0.0079615501385706,0.0022844480338972063,0.01923899629382504,0.022062897170617362,0.0064391512091970075,0.0451321480119077
-0.06956960221010376,-0.05667106395914743,-0.00024882745710783636,-0.004306088654120685,-0.00010724995750933886,0.015542548620069284,-0.004235056249599438,0.01058691100537544,-0.006083439704816555,0.0023579599524964578,-0.006399141849542502,0.017176130712905434,-0.005503795098775299,-0.0053080748280626725,-0.009549207219461096,-0.0008921219070907682,-0.0033126909093698486,0.0043631832039682196,0.051504732011962914,0.031761052233414376,0.008928058057790622,0.06422433167303097
-0.08493591123997249,-0.06742077696864726,-0.05482994400837924,-0.005541499366809148,-0.002780384882935323,0.0202414129821409,-0.006140922624108498,0.009120340504596243,-0.017795486425893615,-0.004654251755564474,-0.009968260382302106,-0.02902778937277617,-0.028346063970820977,-0.006899414011350018,0.000415474153633113,-0.004850326134910574,-0.017350748057797318,0.0011637765902560203,-0.047595650018920424,-0.026963797108073777,0.008949349438771605,-0.02314867575019889
-0.0631147029953172,-0.056096658931055574,-0.07645481669853325,-0.008817227295512566,-0.0025662359507987276,0.014178425058125867,-0.005352230296612106,0.011990279909587115,-0.0038288111832662252,0.000642004057590384,-0.006992655610665679,0.024872986595437397,-0.013509658004186348,-0.007839139005372999,0.008132938083581393,-0.003216528072662186,0.0058352928502426946,0.0044037676602602,0.04727118137481739,0.019673309833833627,0.002854982026910875,0.057993842904397755
-0.076150596364987,-0.07964486118522472,-0.060075541657133726,-0.005509170466393698,-0.001186241268296726,0.023202685741562163,0.001707836932837381,0.011145976224797778,-0.012677297693444415,-0.006155741668771952,-0.011855710603413172,-0.027076518471876625,-0.02784740388713544,-0.008741571744030808,-0.007838262491422937,0.0032915161410346627,0.0003903059550066246,0.0016630064352648334,0.006634869582339889,0.031524425436218736,0.011742016040079762,-0.003938170706387609
-0.09527127633687997,-0.08100083676486974,-0.0028007046232232822,-0.00017392034438671545,0.009862441980367294,0.01334985469977255,0.004181015600552201,0.006916593351052143,-0.025776137445209315,-0.003355728829628788,-0.009114943708409555,-0.01697544527312857,-0.025470841335481963,-0.005266193585193832,0.0034112610082956962,-0.0077616315974592,-0.014240836249518907,0.0015423684680717998,-0.10221239303049515,-0.029196083399583586,0.006646815857384354,-0.13320071695350635
0.028758838731264405,-0.07968808951543906,0.0019594582447280116,-0.0005934176432492677,-0.004728039299816373,0.015215441983964411,-0.0005856414051413594,0.008611638078800752,-0.013452750895303324,-0.01518547425584984,-0.007587708424980519,-0.0070310270114532615,-0.020298098836010466,-0.008108593731412839,0.005612705995081342,0.004500536091891263,-0.004455329898191849,-0.0373620351387035,0.00012151047463703435,0.03504149501320171,0.020721592393128957,0.0054751746698457286
0.0255129946570014,-0.07503122643614915,0.002876214935986354,-0.001872736027544306,-0.0011092783454023447,0.013076987942222331,0.00217918626660321,0.009976423221050936,-0.00984525012121594,-0.018126331754174316,-0.017102392895831143,-0.012045967353460583,-0.024452554883282573,-0.012686771379849233,0.0052929181397485085,0.006967033862529206,0.0037618579715490343,-0.013182710466917342,0.03693594503598433,0.0381756681965544,0.018395847923966358,0.046142189538513775
0.02886550456412806,-0.04912467508465852,0.006553481729188206,-0.0031394692530739123,-0.003540255305924802,-0.0205726232363304,-0.004269925698881707,-0.01083550644267234,-0.00880567847074417,-0.011171306792457472,-0.008585914893192239,-0.008816194776736666,-0.01823678152379216,-0.00674312573766656,0.005303048647765536,0.0039054555921029534,0.005429674810147844,-0.02202445157648981,0.03979521462002594,0.03776503644067816,0.02663230782323808,0.0458225745447271
-0.04034419590359903,-0.029011811051459516,-0.0020826744133410104,-0.0010502615985751617,0.016115292616741498,-0.022740755854010787,0.004379264602102921,-0.016594714107413894,-0.007121787056257744,-0.01064754384184198,-0.008898384130588965,-0.006079412165345275,-0.01596602009734852,-0.00752925061073256,0.006173180157638854,0.0040441421535797415,0.0012938811072672252,-0.023831957706916,0.036657091946981385,0.0394185809773262,0.026895921509494655,0.045720242523202614
0.022246405778896586,-0.023604859326696898,0.0028134212460099663,-0.0007279696091427467,-3.7191629171502424e-05,0.01590705782733494,0.0002883846718850691,0.008953749785359833,-0.010548608702520142,-0.010423626354458974,-0.009163069731803261,-0.0034148453308262107,-0.01353795020519101,-0.009760445021656778,0.0070938569780264514,0.007381002127931424,-0.0061376709119213045,-0.03702533328718346,0.030622331254926395,0.03861000902605156,0.019958714419190074,0.03782546439710131
0.025375206866901864,0.020112039782543435,0.0076846754043072,-0.0028122901296956117,-0.0014411571625532816,0.01595577980247981,0.002478241223034274,0.009675210067816806,0.01946874269602631,0.018814491313460167,0.004274030229535129,0.023619492596990314,0.04014405816713406,0.011916143832440867,0.007601042756043626,-0.005410051978906268,0.004256802117815824,0.009939970819568772,0.03879892246039162,-0.04217950956262939,-0.006947408971973346,0.043593981651520154
0.004167236658486217,0.028369587083143414,0.008440070699143688,-0.005882060021358484,-0.0026251244734885404,0.013363316338291043,0.0006822360028672847,0.006908603408337512,-0.0016717303688528772,0.006895776458259206,-0.000713243128520844,0.01747685999405803,-0.005385363416353357,0.005186493385863287,0.008235279686280137,-0.008749044204087113,0.00383217685350246,0.010434017223124101,0.04364110824679301,-0.06115454538572521,-0.0018989564553339733,0.035392741869654853
0.028108917028384896,0.03367759803848457,0.007093894019344588,-0.006120449770787672,-0.003319784986815648,0.01873343864979688,0.0007612795450768317,0.01055915354470926,-0.004689034784132673,0.00998371360648889,-0.0041104202113274365,0.010233567862887866,-0.030548878166955548,-0.0020286648431647337,0.009498647070395237,-0.010091942777435178,0.0039967477378377225,0.007135601781737932,0.007086301464805728,-0.05953694484769585,-0.021856648546308862,0.022654589749763546
0.027586358481003118,0.026761981216550337,0.009374702423374402,-0.00330460924316867,-0.002565221459881286,0.01731607692192483,0.0018964132328619598,0.01150782238577449,-0.00216285504591724,0.011673585559110506,-0.005780925816761737,0.019098581635334996,-0.00170105226286978,-0.0038615418009976567,0.008923410779527786,-0.00864976686432783,0.004455087168244063,0.01126187039368233,0.022210366421622895,-0.0577676817747124,-0.02295612408481247,0.0437645588309897
0.02646803692319736,0.02631271933190874,0.008475708676269279,-0.002328279205139552,-0.0009280534857680322,0.018993220317915983,0.003377875383484934,0.011525088792459427,0.018543269081983452,0.012252652744282387,0.000907196560765442,0.025438991299524788,0.0396244525914517,0.013066746975000569,0.008353403509365762,-0.005388089604457491,0.004330626119772205,0.01043973408742204,0.037815871841430634,-0.04430872054774227,-0.017372687356546523,0.036220442490593995
0.02311168870322945,0.02775987247718149,0.009307588864467108,-0.003102941934957926,-0.0032733876644488193,0.019284191913156973,0.0031249444841159857,0.011077899594838528,0.02027842955514643,0.011946070857011364,0.0005643336922730669,0.025159334744894294,0.04136496155806526,0.012839113885329425,0.009723359255033301,-0.005641969009666355,0.004336331614722439,0.009551814882070176,0.011899622477849335,-0.0486521689048277,-0.0150045431828039,0.034851672983895694
0.0036944346960808617,0.010417808394340682,-0.012579709251003806,-0.004339597032376332,-0.010390985784615623,0.02355297624875675,-0.008802806811872869,0.01636424616954173,-0.01845374327927857,-0.023404027752185357,0.005328570117999334,-0.022730205039624706,-0.03875727291408111,-0.002218995475486736,0.001274094286345644,0.01819114637262828,-0.0018480921057926025,0.01018302807577129,-0.08164843869177275,-0.04276079906281666,0.005818814487574855,-0.07496069152388372
-0.01411700474724057,-0.016775049301213586,-0.01805101750054746,0.009722223159042188,0.03979577782971319,-0.0327350036703865,0.0003921273320884211,-0.01927855839341646,-0.017172398421735124,-0.036924843591732495,0.0033618011305225084,-0.03168117404384248,-0.030840205907152266,-0.0125578040581604,-0.004949321431413409,0.0013852812696859473,-0.00012661612796364353,0.005463091572019039,0.005613105053780601,-0.016169549715559697,-0.019399328625295312,0.00485408651875332
-0.00839386787643889,-0.007642783928604331,-0.015055865238391562,-0.002161219685222022,-0.009327602052362636,0.02546229913496063,0.008499317745008738,0.016305842985166238,-0.02537950186873786,-0.029481819328357233,0.00299515121121658,-0.028445665157851182,-0.02871474309547921,-0.018475731778962654,0.005800573763408466,0.004510530104234931,0.002885495392110897,0.013326705124782165,0.0015583817890728823,-0.019643115804501576,0.022387583711824845,0.00254016333798063
-0.015988310035027098,-0.01099898891756311,-0.013660632297251141,0.00081009486108087,-0.011006817209417931,0.026430403573031072,-0.009974100128747523,0.017384444867493586,-0.01263916638214141,-0.030500896344019566,0.004736392146151047,-0.024106880044200807,-0.02276347862338298,-0.017197954696675878,0.003393442157685058,0.004753552060064976,0.002978268787701381,0.002112057069898583,-0.002172985702345613,0.030006340439576888,0.02213182101098937,0.0029814049019478263
-0.013551584749802715,-0.01874694531710702,0.0002797724686388392,-0.015254824693256524,-0.010140443174168467,-0.03474317349420744,-0.011996910127345472,-0.022969113295548595,-0.014666463584835582,-0.03319604216892912,0.006558879721560515,-0.02199596108752303,-0.02370814673293353,-0.013010130583643332,-0.0015001527579443063,0.0045376797442440876,0.001948907342448365,0.006710524468653603,0.04553444506134838,0.03176403829682386,0.024773475106194383,0.04325351877705543
-0.01392196393906488,-0.02417723539547296,-0.022940151871880518,-0.006080633640522137,-0.015954337178263812,-0.050876026851910866,-0.007581991564220516,-0.03574678558536107,-0.018081391971936683,-0.029531887876655675,0.0010206125964759849,-0.03408452405878051,-0.03603056787811511,-0.012853321449583746,-0.007194101409768336,-0.0006423100790561875,-0.0012277337347040883,0.008945508018514374,-0.029283215803880012,-0.02247173479750927,-0.029983021017105784,-0.028477878813428104
0.004661926566477632,0.010253354269516422,0.003061999500496313,-0.0017336499772500247,-6.941805855603889e-05,0.023814295966585634,0.007086620645932271,0.015472987770335749,0.02159917492244858,0.004286426695616683,0.01182828856719425,0.02393293275461474,0.02380659559144988,0.006919012019352522,0.006183542708386085,-0.005162191889103269,0.006738522740561166,0.009647619943716563,0.055994162403549125,0.026889905568241376,0.008869811434469738,0.0672833452597115
0.0007468352855357807,0.015714394020178588,0.00014783598329813684,-1.6942193906288593e-05,-0.004796670461364556,0.021420580120757222,0.007260431555841933,0.014096923386096022,0.020915696470619877,0.006026312507310649,0.012558537689910736,0.02277448660832306,0.021960351784800877,0.006882050892745611,0.007285081802911009,-0.005558415269551915,0.006983760267685284,0.010623688741470688,0.056995338028864355,0.029811669887421885,0.01378200331941116,0.061087472772414914
0.0012520375159510877,0.01769085237479885,-0.0003613079395290697,-0.002008793078130111,-0.00498269383184379,0.02186912165285321,0.00812650135732838,0.014646112492773682,0.02156910855846945,0.0044189348458894525,0.011880320957570802,0.021724628062438568,0.02244565742366831,0.005462448816688266,0.00788258781649347,-0.0055712887419940675,0.006991047974224784,0.010972243425785564,0.05704323140867928,0.03092642711722874,0.01012114176823161,0.06188817113470577
0.00031884114010608753,0.016829438252170804,0.00022172761986439583,-1.6942193906288593e-05,-0.005107813280483242,0.02106235603801906,0.00748201280766807,0.014096923386096022,0.020915696470619877,0.00550105993039324,0.012363551683665718,0.022183353643267765,0.022473260901024333,0.006882050892745611,0.004260664860412362,-0.005558415269551915,0.006983760267685284,0.010851331012672745,0.05689432795123139,0.029856370748457265,0.012666959075777412,0.06308189104609482
-0.0011739718699391233,0.01676295834389748,-0.0003879793789383257,-0.001639949973905459,-0.006409597276069689,0.021647153629746754,0.00868580785630911,0.015297318617085694,0.02310207834059838,0.006297082082455745,0.011789306966529694,0.022590593156855902,0.021670068079110934,0.009593165808764752,0.008063598830340198,-0.005410943895331002,0.006896470491556101,0.010545267085835803,0.02708851518073061,0.03021655107542756,0.00900051274225916,0.04997958220141299
-0.006263926297615399,0.01730506862651964,0.0011995665262656986,-0.0032893883713404647,-0.01203855210391339,0.000796621308545582,0.0014995092948083765,-0.00799840368264995,0.0267672908998793,0.006510640304913978,0.013347029408614618,0.02873174233442114,0.02182077643927187,0.007127891481795814,0.01048343037655286,-0.0048707358830142765,0.005036862258712063,0.00905394806235563,0.024223661174983136,0.026342666074924637,0.012920836038683775,0.04835428302649234
0.02791451555884123,-0.07773288811757084,0.0063678318106576625,-0.00011501749481794832,-0.006160995247482788,0.017925912540667922,0.0027567097742212353,0.011790852903141058,0.008407345541036193,0.010578637404178153,-0.0008978418138576672,0.020869524648132937,0.021329080392315517,0.008264936083751308,0.008264755267482542,-0.006665190516050643,0.002496634051349247,0.0006224799995106878,0.0414708909408364,0.027140861122679782,0.009296125873133861,0.04872608018133178
-0.0875586483304869,-0.07751027474991133,0.0032811675529228522,0.0011853323505056324,0.002071817406686023,0.014750098921613244,0.0028235406944077113,0.009746174361898738,0.008261529027349753,0.013168021403762395,-0.0013425470177026,0.020572205490298076,0.024117974858381786,0.006582810467689342,0.005399172958350391,-0.008289096760345274,0.004093132184261776,-0.014533709001807438,0.04331292153910908,0.03083049011111143,0.009437705367363379,0.05122476593121974
-0.08706313857517671,-0.037588043378964354,0.009753595812508137,-0.00556284658232471,0.00998962950819987,-0.010447972963665961,-0.002337333332943672,-0.006491903193455073,0.006378226607976103,0.011712691517823259,-0.0002290006684779655,0.02049993892569546,0.019751498753539636,0.005591200869666864,0.009530535695485015,-0.007381586770134163,0.0023004636018595192,-0.018116548700818386,0.028995281578718276,0.02859433024757891,0.01083896108355475,0.03910120545297104
-0.08853450479742606,-0.06292498630456976,0.005605156250967411,-0.004366122015235305,0.01304164437489817,0.003084839954681229,-0.0011627708788364544,0.0008827405872943927,-0.013067208232896518,-0.01706209715659497,-0.00314518861072429,-0.03263709291419218,-0.018143213013463538,-0.00821689660588163,0.008688957967970055,-0.013032441117593408,0.002301903804873291,-0.02600149579113349,0.013050676028196904,0.026310081772135164,0.01539923761265527,0.02996186889413366
-0.08590325987493998,-0.07118716237608169,0.014264240810698539,0.003566453700495913,-0.005930821926449425,-0.03301065489999019,-0.004367513092511217,-0.01525208059047145,-4.9037207045330436e-05,0.001158790082699852,-0.004084122230924549,0.009876086466101696,0.013543932268366915,-0.0008906227224906616,0.010071791801019572,-0.004256003052396409,0.005423311720514903,-0.0235751211609022,-0.000303893126474577,0.019877831365029124,0.018170488847990784,0.004886637701547443
-0.07745438651272707,-0.054312066944257824,0.0063496676510112595,-0.008230709740855673,0.010612980007426814,-0.031299721508949004,-0.0055855153348238675,-0.013804243174599834,-0.002514775481322431,0.002875782965129474,-0.0019334668305236846,0.01156339030862,0.0010472426645355881,0.0003563730075802596,0.010088674231919868,-0.005537171577952904,0.003897532550872711,-0.021767690020096778,0.04775441090861932,0.031096361714917295,0.018607617304078304,0.05310662233496259
0.016125354584237358,0.013413001784938388,-0.002185529223388585,-0.002675768436747603,0.0002276636274473276,0.026388706592806555,0.005024290190249303,0.014771988847805916,-0.0023535038618501857,0.001322918025580293,-0.0005128429688011237,0.007895453735618502,0.030178172502401138,0.0033662526020179937,0.002075833102562683,-0.0027797327427742857,0.004921157900325852,-0.029821070650905314,0.04793575981571849,0.02266025740711484,-0.013868413077507285,0.01722651553882315
0.019894319966406327,0.016727535119716776,0.002408950616536458,-0.0018121931327914353,0.0033687509152514395,0.016202813051495468,0.0058214510551079,0.007175911504782561,0.011662185100612987,0.0038066526544935186,0.0036710905858490153,0.007197124951271689,0.029161817347103353,0.002443120275866022,0.00103342180654181,-0.0004219450789332768,-0.002275297679952928,-0.04868802095603314,0.04705534259961496,-0.023230995784442713,0.009275960826826121,0.060119301238100886
0.010946269221039983,0.014230953315818624,-0.0004619051163899712,-0.00208807532726496,0.0008133038758387556,0.020312417902678136,0.00457250348928028,0.009202140579163824,0.01988506324520131,0.0138191032784016,0.008792012979483843,0.03661624065425713,0.03112585175249478,0.0036546985790573672,0.00904107288418345,-0.0008864911406180908,0.002205923185656502,-0.05236292617264553,0.04414609273420865,-0.00017945898151992877,0.008865397763665897,0.05217770388831923
0.014585768274628208,0.013944916086547892,0.0007015959905947966,-0.0031477494837236007,0.001344128492346499,0.018798525888960284,0.00382971393392836,0.005582100767132943,-0.004315393487049732,0.002109596461559704,-0.008496545994457847,-0.008636544277251232,-0.011940106090569315,-0.008177386349989319,0.007106620499462224,0.002214218781091404,-0.0018231638026009022,-0.04654125358445526,0.048487759991858184,0.027821774788162657,0.013558009352618684,0.06254183092016319
0.015291592675239371,0.020618052006902872,-0.0006695140344709216,-0.003134696814668132,0.0006218373672891175,0.0164136628882261,0.0027463633199477045,0.005543486138958542,0.016854100377204303,0.01181372076189291,0.004178372540336568,0.02833272427553311,0.029413724828100386,0.00200582061467685,0.0012248177837773256,-0.001388305741502336,0.0014465475890392554,-0.04614368477836251,0.04468011900744386,0.02489468392966046,0.00964556980639827,0.05950063615209729
0.012789672755206993,0.01525670214141428,0.0023579638692899606,-0.0019170341359858866,-0.002321434102996136,0.025829825136024737,0.004828809895479935,0.0141196490765833,0.015019413036498008,0.01566695794048428,0.0011896950162554277,0.03006420377303584,0.03556518042918469,0.0012033497672382508,0.009825817743658262,-0.005931364300367932,0.005034512367474236,-0.013929999423689879,0.0417796763199658,0.020872829002437355,-0.01023694139712461,0.0499955518027491
0.006738936760066281,0.009932943791245635,0.008883496915150318,-0.0013449461499021708,-0.0021195371590874857,0.02555104518203734,0.005041757133731153,0.014761865109303472,0.013530167738717864,0.014289370912010782,0.002334433110845566,0.03441408563219738,0.033462988227256574,0.0103762431267387,0.010593003102731018,-0.004017619260948777,0.004315611713591352,0.00731532312807758,0.039936122513536246,0.019864107860230434,-0.006532987861955917,0.044843529449790365
0.007021144969457964,0.014193201880452762,0.00044242407435376665,-0.0021656856696336034,-0.0015775886400660965,0.025175520039047116,0.004468657944998995,0.013923324392071662,0.01488623362931321,0.015102376587383332,0.00112454436475673,0.029824367020592036,0.03198523867547919,0.00904146954191674,0.008386574610958632,-0.005390461062661416,0.0063468836480933535,-0.010383083030019407,0.04342937202081885,0.020901724655104773,0.009444107533017814,0.048025364319983055
0.007317641127319803,0.012513881341483284,0.0047558041484444405,-0.001632586152982185,0.00016357151311240158,0.023746140853254473,0.005380436377636215,0.014103038155717514,0.01391865581734237,0.014016023581789341,0.001871392170614854,0.03176128864377461,0.029171197240357286,0.00835632079062634,0.008294429634843255,-0.005401979016123732,0.005298660613971151,0.009423444519725307,0.04059571174069788,0.020456529486018553,0.008223360742576916,0.04706206113663938
-0.0006931054078995658,0.012678949068103976,-0.009225270218012156,-0.003528297191078309,-0.006798152020492125,0.029660161653682734,0.008637530980049633,0.014176085706676531,-0.018572270445674804,-0.024382451313795173,-0.007952293745620408,-0.04069880649942206,-0.029223774010315538,-0.004655231853721489,0.013182949149086198,-0.009829520043085722,0.005344423839487717,-0.018773342785461864,0.015987682578488604,-0.03430969235947487,-0.041457813855595306,0.031084200559780582
0.009018469179973182,0.016070068589915536,0.006524995769959787,-0.004223034734195608,0.00043977378969429993,0.020291773288408876,0.004926267919690872,0.01168477141747644,0.01260212232136837,0.013678833292942727,0.0006356343441075296,0.023133649691699246,0.029642851657263235,0.00784282474356587,0.008049295017135591,-0.005956345935728678,0.005817896160515375,-0.010866181139444962,0.043650338219431435,0.023940695601431798,0.013566609958397749,0.04557759184124734
-0.05728639299442875,-0.07520532701470074,-0.01123620020600356,0.007820293643017067,0.005255999258515658,-0.02624279995186953,-0.0008389012279803865,-0.02406371188655612,-0.008830745069353725,-0.0013138223197165643,-0.001717454852114315,0.009431082949740812,-0.018281273444372345,0.005321210640104255,0.00484494279124192,-0.0009388212543490226,0.0030837213947961573,-0.023797179631947073,-0.1114773011590296,-0.024951601411303273,0.0016769919924990973,-0.1278455492189096
-0.07049599659480009,-0.07305809791869251,-0.012236368063568079,0.001727249832401867,-0.007343482478026999,-0.03325334051973186,-0.002516936367901508,-0.03338667556527071,-0.012263684717217983,-0.0032135541410389123,-0.0005110555891587865,-0.017440277943860563,-0.026073369226542128,-0.01643521885809605,0.004572356383869191,0.0008965922887728084,-0.005188367173759616,-0.022428300315950764,-0.09714249408469186,-0.028567537028065998,-0.025466675016796215,-0.1374545830988791
-0.06361803398187477,-0.09542440422266736,0.001085996136898757,-0.00023448390515113716,-0.004256853799306555,0.023782942550460574,-0.00292648758229916,0.021851607627831983,-0.01174611043650657,-0.0014605011838284554,-0.009586030912905698,-0.028912981018474965,-0.02564028303248051,0.0045346148987664495,0.007268500034988392,-0.008777202330093133,-0.0019866470147826476,-0.03719604597921716,-0.1158911512409395,-0.02736212712552515,-0.014585650950757555,-0.14758523280535882
-0.02248625899424951,-0.022904780516255413,0.0022429735057085056,0.004488854783121496,-0.0023205158942437264,0.0267951435118448,-0.008017260429041925,0.013310490564181236,-0.007319149329268839,-0.0027911545711685904,0.0060334681882523,-0.02035275956885016,-0.026074284496135077,0.014105501255544368,0.014141046554868808,-0.007903311506815953,-0.00810356768892234,0.014525487257560598,0.026047729302372317,-0.03001208983667311,0.011826717474104954,0.04745747253065929
-0.06558835280884523,-0.10236571767653004,0.004117969657891081,-0.0029225616137409814,0.013357366339769215,0.018968350014620227,0.008645508998233709,0.0198820715634065,-0.012927107106661425,-0.00023477286376873962,-0.011516286043042783,-0.02584918072585424,-0.023231575645841076,0.001890278774117178,0.005533631402358879,-0.008599785256810719,-0.0032927816351730143,-0.0447290614087251,-0.11580616507781087,-0.042409727911654045,0.0028542243684933056,-0.14719965071955812
-0.07092840569195687,-0.1040941387129169,0.0025035065391421085,-0.0026745688720984616,0.01389146183792036,0.017911899068712954,0.008164002136254567,0.019530546387904905,-0.017539616104622836,-0.004392525207222207,-0.009010110270755831,-0.031473613056696194,-0.025929125468828716,0.0022505225516943027,0.007502671158581506,-0.008603484091727296,0.00028549698865390385,-0.04308783274434973,-0.10866377580299741,-0.028842932711559115,-0.012874931775440928,-0.14423258539245581
0.0018637784547172486,0.010945144373836228,0.0050004168634768574,0.005939797241007909,0.0020766393264057114,-0.02471498865284957,-0.00790200876595918,-0.007323712705983781,-0.008367509761592373,0.002221246174303815,0.0011998558297636919,-0.014954065472629736,0.010576863524111104,-0.00016125549889693504,-0.004416095046617556,0.013950805051099451,0.009387342936752247,0.018009499442996457,0.01650740146113094,0.03076996611052891,-0.00129243006107572,0.04174427837744588
0.0021442049645702356,0.019078103320789522,0.0051620373409241435,0.005294918486615643,0.0012701762974029406,-0.020542118294979445,0.003362349947565235,-0.0050893758801976215,-0.009827688022633084,-0.0013487528612313327,-0.0004093956279393751,-0.016343149285021355,0.009045040103446809,0.0009442796385701513,-0.004416343637858517,0.014267225851654075,0.011606456705558231,0.025238267698296114,0.023393898029171398,-0.02161605709930882,-0.013340500488557155,0.042242725087853615
0.0021442049645702356,0.018877868028357624,0.005044936970807612,0.004566378438612446,0.0012025706603890284,-0.020548784967395477,0.003362349947565235,-0.0050893758801976215,-0.009822354689822533,-0.0013327528622176033,-0.0004093956279393751,-0.016158210316862095,0.008850996193141327,0.0009403001268947264,-0.004416343637858517,0.014257836178294382,0.01158579942821234,0.02512179937722976,0.021401001519698183,-0.02279358110623434,-0.013340500488557155,0.04158872243162477
-0.0016592625563498587,0.023400669467373517,0.0034114712734299247,0.008103602465707809,0.002596802814514376,-0.01567555719113443,0.006934372935356805,-0.0013245373306563124,-0.008755576339317485,-0.0072527915380487685,-0.0011640922781953123,-0.011269071730857831,0.004466382569007692,-0.001583170480807894,0.00501338311994914,0.010692969853698742,0.012537369733981904,0.01783121390850283,0.029182200872164686,0.03237684640538646,-0.01830949380499078,0.04763489827804733
-0.0012033499268000014,0.013502004766778555,0.004087452531239251,0.00699347464251332,0.0016881341935368254,-0.027535335747525095,0.003700959841371514,-0.008064416982815601,-0.011934308938798495,-0.0025131169900123496,-0.002636634436348686,-0.014451185157595319,0.00992119062699203,-0.0019799078841606387,-0.003304519207740668,0.013241467103798641,0.014468649778791587,0.023418784811365185,0.027127349464280998,-0.00382092487445334,-0.016992957563343226,0.04367822513653664
0.002366276074608322,0.020954090058367,0.004567937296669698,0.006001401868415996,-0.0010667057387763635,-0.028743551448278594,0.004341695796611021,-0.01129345896479208,-0.011352110347361303,-0.011816790671728085,-0.005026477096107556,-0.017031970405223546,-0.0032110072724026396,-0.0035901837345591048,-0.0035623191721970214,0.013297155895561446,0.009729116733578848,0.026895885942940366,0.028101857643050607,-0.061432860739296304,-0.015164811718132115,0.04587802714813734
0.045097275879306835,0.039036655413583504,0.0108779088355368,0.009102662365185097,0.03523301402805373,-0.0467766880459385,-0.003923570751721854,-0.018196635117055847,-0.013754643395950552,-0.006795205744929263,0.012190858304675202,-0.006993300751128117,-0.002175434180171578,0.010105066796822939,-0.008052852007676848,-0.011051320751430466,-0.007952954925858648,-0.004731341629230883,-0.05908358963293722,-0.0026982221262005623,0.020914376949585856,-0.06697294006022275
0.04128077615321672,0.034872050316480455,0.003491864656098187,0.016069478505523874,0.03678175543784164,-0.04675631505670026,-0.011680829655670095,-0.02442665404872969,-0.016335044199659022,-0.010255178786101169,-0.011666809688322247,-0.02635666431800928,-0.006657932842936134,-0.02287073382147355,-0.027156375018239486,-0.006979445699835196,-0.01296640528627904,-0.007711513088870561,-0.03376261972851353,-0.02310408604957047,0.012633219538256526,0.0019742886695894414
0.031865541242732436,0.030712029336500565,0.0008380115605541505,-0.0023105196823598817,-0.005813677267287858,0.022536591694806703,-0.003338893023246783,0.008076452692985186,-0.011498786298325285,-0.009533610370854149,0.00555961312900763,-0.005152581483162067,-0.002859934503721888,-0.004926104206315358,-0.021050705267261948,-0.006945352869370254,-0.012640578477148666,0.009413928681096877,0.020453633993747646,0.04120419442187995,0.02463760383074259,0.03419574774496141
0.027620123532105936,0.03308266290230676,0.008289464306726587,-0.0041299760952824725,-0.011678377424832433,0.018249930906167718,-0.005229532035082229,0.01146058987294964,-0.004528694730615825,0.005585381363707711,-0.007327407841803506,0.010570022901301854,0.01520639767346438,0.008981646453758003,-0.019944464279396924,-0.008360807193785149,-0.011901145128649659,0.0066385875166815825,-0.020199684883700685,-0.01632990509697265,0.007337264385714661,-0.018462262296452536
0.03219517891819123,0.02924592624818615,0.00013791258505079895,-0.0003805031132651493,-0.00624138051236514,0.025315920687135077,-0.004125285354348307,0.008235514194602729,-0.023871439675276634,-0.01264513884401822,-0.006153486458642874,-0.027841270770040866,-0.010888591357652331,-0.0017963840114680351,-0.0104728122423694,-0.004635653579171049,-0.012197140614443925,0.007198954886480351,0.016666007517196702,0.04053079622797668,0.02198480036244291,0.038809194896166445
0.037131236723253094,0.03368642290777643,0.00686612073215656,-0.0034066009797970765,0.03384918306139298,-0.05512881744827609,-0.019731751821600484,-0.02265588966161886,-0.015339070952104522,-0.006783910787416972,-0.006441535273334012,-0.002282630093031912,-0.01804143721368746,-0.0020565534409251996,-0.02429528770124307,-0.006867864139348967,0.009648413669201545,-0.000894661580095999,-0.018421782884979622,-0.03814556745142909,0.0026584683568944456,0.004751291709108045
0.014717856976785697,0.012715237714583055,-1.678542437730357e-05,-0.00042642860673367975,0.0012589285735157317,0.0058817851469211745,0.009582618818967603,0.01402095171448309,-0.010173809182306285,0.0015195239943568595,-0.004234880966832861,-0.005282380835851654,0.01343630912117078,-0.002536428533785511,0.017081190161406995,0.002074047516216524,0.01222535680019064,-0.0017149999417597427,0.059532022271014284,-0.007959999696759042,-0.00947404746839311,0.07267392683133948
0.01537976160791004,-0.01595190430554794,0.0015232540924625937,-0.002089642821520101,0.0062282539496663954,0.016848967624428043,0.006334047277632635,0.013598253292329901,-0.005947975726885488,0.0025895239794044757,0.008085158510075416,-0.004420476144878194,0.00357980151038646,0.001526785700552864,0.01429095213621622,0.0016759522794745864,0.018832063036679756,-0.0008599999593570829,0.05757408603269141,0.010469285555300302,-0.006309285445604473,0.0719431329240615
0.018406666173832492,0.02565857090987265,0.001139523878809996,0.005815952424600254,-0.0013285713651566766,-0.014703809173370245,-0.000744999956805259,-0.012215713852783664,-0.006889999705017544,0.0023776191065553575,0.009886904653103556,-0.011049999630195088,-0.009916904165002051,0.014676666419254615,0.015123570998839568,0.0014902380766579882,0.011263809077790938,0.0025542857591062786,0.0534428554988699,-0.019759999541274737,-0.00911404741287697,0.05878737938823178
0.020694047085999045,0.012394285502377898,0.03041440400062129,0.0059151190469856375,0.0007648811175022274,-0.02073630804559798,-0.0032226186714251525,-0.0036752380841062406,0.012392976075061598,0.016707499707263197,0.025005951892526353,0.004696785912965424,-0.0068836900682072155,0.05045083256729413,0.01928166614146903,-0.0011449998611351474,0.01173333301441744,0.005352976257418049,-0.05851797475799685,-0.0016998808544303756,-0.0331129755465372,-0.07191106952901465
-0.01664351147133857,-0.02488732091318525,0.031882161755056586,0.008158571287131053,0.003646785704913782,0.021513094794936478,0.004469186232336142,0.01355398779065581,0.005650058877145057,0.01712434445922554,-0.002034464438984287,0.015388471223413944,-2.2063562191760866e-05,0.0034382339158764807,0.022443114049747238,-0.001819821569515625,0.0008021031623138697,0.0028498213867715096,-0.07753505786618917,-0.02403369006322464,0.00038251989979471546,-0.035026526872970865
0.020844821122591384,-0.011211190205067396,0.0017898215059540235,-0.004283214205206605,0.002882916635644506,0.016793570704976446,0.005421309261291754,0.008201071387520641,0.009413808902609162,0.020680296805512626,0.0023713687610143097,0.01914089177895221,0.01340029683742614,0.008495356859421009,0.020443630317458883,-0.0017414883135643323,0.00028160709494841286,-0.007689583111132378,-0.006522975908665103,-0.019394880542095053,0.028398451727698556,0.001584107111848425
-0.0067341069743270055,-0.016829166265233654,0.0018752976987161673,0.0032514285315119198,0.003182321451822645,0.020076189886967768,0.007215476010896964,0.011579285505795268,0.012016070703539298,0.01877386803345871,0.0009167258737579686,0.019619582229643127,0.013200296933719073,0.00661976162395149,0.017812558871955844,-0.005558392938255565,-0.000297916725394316,0.001716726144150016,0.01836904727962974,-0.02463023760908982,0.02180833290258306,0.02531684493027569
0.024340416195627768,-0.026629047002861627,0.028932340416067747,0.006728571327694226,0.002091964233623003,0.007818571084862924,0.005740138730789113,-0.001079761914224946,-0.002182142846650095,0.01858410621614894,-0.0067739284406707154,0.011946685696893838,-0.005279325184801564,-0.007835991995161749,0.018833649857115234,-0.001390297742182156,0.0002918055955888121,-0.007620475959120085,-0.05808452245073568,-0.026052856700844132,0.024251031239255098,0.002669067689712392
-0.009631785467790905,-0.02369083281548228,0.03688970118921134,0.006345833196901367,0.00250083323000581,0.021907499379303773,0.0037343449845502617,0.01602345194922236,-0.005703749961321591,0.016348570682748687,-0.0012952380428032483,0.008319225613158778,-0.015183749484494911,-0.006673273685373715,0.02400738000324054,-0.0026506548005272635,0.000373630917747505,-0.010116725808329648,-0.06280083176090556,-0.002421785580809228,-0.010590714123754879,-0.03139112997298071
-0.0008508332569908816,-0.016389166378212396,0.030153034921968355,0.0006027381055173464,0.0037533332692692056,0.01709196383570088,0.00989523779731826,0.011564701869356214,-0.015462558861254366,-0.019890475883003092,0.005035833300789818,-0.03241291575875948,-0.01625029725721106,-0.002023392763949232,0.015893868287384975,-0.0020008929003961385,0.002819642781978473,-0.008707142632338218,0.020788035323057556,-0.009067737753066468,0.030211963555557303,0.02454505898494972
